/Library/WebServer		d	755	0	0	224	
/Library/WebServer/cgi-bin	/cgi-bin	d	755	0	0	896	
/Library/WebServer/cgi-bin/acknowledgements.sh	/cgi-bin/acknowledgements.sh	f	755	70	70	108328	
/Library/WebServer/cgi-bin/appfeed-critical.sh	/cgi-bin/appfeed-critical.sh	f	755	70	70	108328	
/Library/WebServer/cgi-bin/appfeed.sh	/cgi-bin/appfeed.sh	f	755	70	70	108328	
/Library/WebServer/cgi-bin/certreport.sh	/cgi-bin/certreport.sh	f	755	70	70	108328	
/Library/WebServer/cgi-bin/columndoc.sh	/cgi-bin/columndoc.sh	f	755	70	70	108328	
/Library/WebServer/cgi-bin/confreport-critical.sh	/cgi-bin/confreport-critical.sh	f	755	70	70	108328	
/Library/WebServer/cgi-bin/confreport.sh	/cgi-bin/confreport.sh	f	755	70	70	108328	
/Library/WebServer/cgi-bin/criticalview.sh	/cgi-bin/criticalview.sh	f	755	70	70	108328	
/Library/WebServer/cgi-bin/csvinfo.sh	/cgi-bin/csvinfo.sh	f	755	70	70	108328	
/Library/WebServer/cgi-bin/datepage.sh	/cgi-bin/datepage.sh	f	755	70	70	108328	
/Library/WebServer/cgi-bin/eventlog.sh	/cgi-bin/eventlog.sh	f	755	70	70	108328	
/Library/WebServer/cgi-bin/findhost.sh	/cgi-bin/findhost.sh	f	755	70	70	108328	
/Library/WebServer/cgi-bin/ghostlist.sh	/cgi-bin/ghostlist.sh	f	755	70	70	108328	
/Library/WebServer/cgi-bin/history.sh	/cgi-bin/history.sh	f	755	70	70	108328	
/Library/WebServer/cgi-bin/historylog.sh	/cgi-bin/historylog.sh	f	755	70	70	108328	
/Library/WebServer/cgi-bin/hostgraphs.sh	/cgi-bin/hostgraphs.sh	f	755	70	70	108328	
/Library/WebServer/cgi-bin/hostlist.sh	/cgi-bin/hostlist.sh	f	755	70	70	108328	
/Library/WebServer/cgi-bin/nongreen.sh	/cgi-bin/nongreen.sh	f	755	70	70	108328	
/Library/WebServer/cgi-bin/notifications.sh	/cgi-bin/notifications.sh	f	755	70	70	108328	
/Library/WebServer/cgi-bin/perfdata.sh	/cgi-bin/perfdata.sh	f	755	70	70	108328	
/Library/WebServer/cgi-bin/report.sh	/cgi-bin/report.sh	f	755	70	70	108328	
/Library/WebServer/cgi-bin/reportlog.sh	/cgi-bin/reportlog.sh	f	755	70	70	108328	
/Library/WebServer/cgi-bin/showgraph.sh	/cgi-bin/showgraph.sh	f	755	70	70	108328	
/Library/WebServer/cgi-bin/snapshot.sh	/cgi-bin/snapshot.sh	f	755	70	70	108328	
/Library/WebServer/cgi-bin/svcstatus.sh	/cgi-bin/svcstatus.sh	f	755	70	70	108328	
/Library/WebServer/cgi-bin/topchanges.sh	/cgi-bin/topchanges.sh	f	755	70	70	108328	
/Library/WebServer/cgi-secure	/cgi-secure	d	755	0	0	256	
/Library/WebServer/cgi-secure/ackinfo.sh	/cgi-secure/ackinfo.sh	f	755	70	70	108328	
/Library/WebServer/cgi-secure/acknowledge.sh	/cgi-secure/acknowledge.sh	f	755	70	70	108328	
/Library/WebServer/cgi-secure/chpasswd.sh	/cgi-secure/chpasswd.sh	f	755	70	70	108328	
/Library/WebServer/cgi-secure/criticaleditor.sh	/cgi-secure/criticaleditor.sh	f	755	70	70	108328	
/Library/WebServer/cgi-secure/enadis.sh	/cgi-secure/enadis.sh	f	755	70	70	108328	
/Library/WebServer/cgi-secure/useradm.sh	/cgi-secure/useradm.sh	f	755	70	70	108328	
/Library/WebServer/client	/client	d	755	70	70	288	
/Library/WebServer/client/bin	/client/bin	d	755	70	70	800	
/Library/WebServer/client/bin/clientupdate	/client/bin/clientupdate	f	755	70	70	133120	
/Library/WebServer/client/bin/logfetch	/client/bin/logfetch	f	755	70	70	153464	
/Library/WebServer/client/bin/msgcache	/client/bin/msgcache	f	755	70	70	111320	
/Library/WebServer/client/bin/orcaxymon	/client/bin/orcaxymon	f	755	70	70	131688	
/Library/WebServer/client/bin/xymon	/client/bin/xymon	f	755	70	70	131560	
/Library/WebServer/client/bin/xymoncfg	/client/bin/xymoncfg	f	755	70	70	107864	
/Library/WebServer/client/bin/xymonclient-aix.sh	/client/bin/xymonclient-aix.sh	f	755	70	70	2169	
/Library/WebServer/client/bin/xymonclient-darwin.sh	/client/bin/xymonclient-darwin.sh	f	755	70	70	2265	
/Library/WebServer/client/bin/xymonclient-freebsd.sh	/client/bin/xymonclient-freebsd.sh	f	755	70	70	2434	
/Library/WebServer/client/bin/xymonclient-hp-ux.sh	/client/bin/xymonclient-hp-ux.sh	f	755	70	70	2854	
/Library/WebServer/client/bin/xymonclient-irix.sh	/client/bin/xymonclient-irix.sh	f	755	70	70	1822	
/Library/WebServer/client/bin/xymonclient-linux.sh	/client/bin/xymonclient-linux.sh	f	755	70	70	3418	
/Library/WebServer/client/bin/xymonclient-netbsd.sh	/client/bin/xymonclient-netbsd.sh	f	755	70	70	1908	
/Library/WebServer/client/bin/xymonclient-openbsd.sh	/client/bin/xymonclient-openbsd.sh	f	755	70	70	2176	
/Library/WebServer/client/bin/xymonclient-osf1.sh	/client/bin/xymonclient-osf1.sh	f	755	70	70	1652	
/Library/WebServer/client/bin/xymonclient-sco_sv.sh	/client/bin/xymonclient-sco_sv.sh	f	755	70	70	1791	
/Library/WebServer/client/bin/xymonclient-sunos.sh	/client/bin/xymonclient-sunos.sh	f	755	70	70	6299	
/Library/WebServer/client/bin/xymonclient-unixware.sh	/client/bin/xymonclient-unixware.sh	f	755	70	70	1915	
/Library/WebServer/client/bin/xymonclient.sh	/client/bin/xymonclient.sh	f	755	70	70	3747	
/Library/WebServer/client/bin/xymoncmd	/client/bin/xymoncmd	f	755	70	70	108088	
/Library/WebServer/client/bin/xymondigest	/client/bin/xymondigest	f	755	70	70	132488	
/Library/WebServer/client/bin/xymongrep	/client/bin/xymongrep	f	755	70	70	178568	
/Library/WebServer/client/bin/xymonlaunch	/client/bin/xymonlaunch	f	755	70	70	129320	
/Library/WebServer/client/etc	/client/etc	d	755	70	70	160	
/Library/WebServer/client/etc/clientlaunch.cfg	/client/etc/clientlaunch.cfg	f	644	70	70	975	
/Library/WebServer/client/etc/localclient.cfg	/client/etc/localclient.cfg	f	644	70	70	21716	
/Library/WebServer/client/etc/xymonclient.cfg	/client/etc/xymonclient.cfg	f	644	70	70	2882	
/Library/WebServer/client/ext	/client/ext	d	755	70	70	64	
/Library/WebServer/client/local	/client/local	d	755	70	70	96	
/Library/WebServer/client/local/README	/client/local/README	f	644	70	70	625	
/Library/WebServer/client/logs	/client/logs	d	755	70	70	64	
/Library/WebServer/client/runclient.sh	/client/runclient.sh	f	755	70	70	4400	
/Library/WebServer/client/tmp	/client/tmp	d	755	70	70	64	
/Library/WebServer/data	/data	d	755	70	70	320	
/Library/WebServer/data/acks	/data/acks	d	755	70	70	64	
/Library/WebServer/data/data	/data/data	d	755	70	70	64	
/Library/WebServer/data/disabled	/data/disabled	d	755	70	70	64	
/Library/WebServer/data/hist	/data/hist	d	755	70	70	64	
/Library/WebServer/data/histlogs	/data/histlogs	d	755	70	70	64	
/Library/WebServer/data/hostdata	/data/hostdata	d	755	70	70	64	
/Library/WebServer/data/logs	/data/logs	d	755	70	70	64	
/Library/WebServer/data/rrd	/data/rrd	d	755	70	70	64	
/Library/WebServer/server	/server	d	755	70	70	320	
/Library/WebServer/server/bin	/server/bin	d	755	70	70	2208	
/Library/WebServer/server/bin/ackinfo.cgi	/server/bin/ackinfo.cgi	f	755	70	70	151544	
/Library/WebServer/server/bin/acknowledge.cgi	/server/bin/acknowledge.cgi	f	755	70	70	225568	
/Library/WebServer/server/bin/acknowledgements.cgi	/server/bin/acknowledgements.cgi	f	755	70	70	223176	
/Library/WebServer/server/bin/appfeed.cgi	/server/bin/appfeed.cgi	f	755	70	70	203736	
/Library/WebServer/server/bin/bb	/server/bin/bb	l					xymon
/Library/WebServer/server/bin/bbcmd	/server/bin/bbcmd	l					xymoncmd
/Library/WebServer/server/bin/bbdigest	/server/bin/bbdigest	l					xymondigest
/Library/WebServer/server/bin/bbhostgrep	/server/bin/bbhostgrep	l					xymongrep
/Library/WebServer/server/bin/bbhostshow	/server/bin/bbhostshow	l					xymoncfg
/Library/WebServer/server/bin/beastat	/server/bin/beastat	f	755	70	70	181064	
/Library/WebServer/server/bin/boilerplate.cgi	/server/bin/boilerplate.cgi	f	755	70	70	221664	
/Library/WebServer/server/bin/cgiwrap	/server/bin/cgiwrap	f	755	70	70	108328	
/Library/WebServer/server/bin/chpasswd.cgi	/server/bin/chpasswd.cgi	f	755	70	70	222144	
/Library/WebServer/server/bin/combostatus	/server/bin/combostatus	f	755	70	70	135064	
/Library/WebServer/server/bin/confreport.cgi	/server/bin/confreport.cgi	f	755	70	70	266352	
/Library/WebServer/server/bin/convertnk	/server/bin/convertnk	f	755	70	70	177224	
/Library/WebServer/server/bin/criticaleditor.cgi	/server/bin/criticaleditor.cgi	f	755	70	70	226000	
/Library/WebServer/server/bin/criticalview.cgi	/server/bin/criticalview.cgi	f	755	70	70	288528	
/Library/WebServer/server/bin/csvinfo.cgi	/server/bin/csvinfo.cgi	f	755	70	70	222072	
/Library/WebServer/server/bin/datepage.cgi	/server/bin/datepage.cgi	f	755	70	70	221760	
/Library/WebServer/server/bin/enadis.cgi	/server/bin/enadis.cgi	f	755	70	70	224968	
/Library/WebServer/server/bin/eventlog.cgi	/server/bin/eventlog.cgi	f	755	70	70	241920	
/Library/WebServer/server/bin/findhost.cgi	/server/bin/findhost.cgi	f	755	70	70	222624	
/Library/WebServer/server/bin/ghostlist.cgi	/server/bin/ghostlist.cgi	f	755	70	70	223424	
/Library/WebServer/server/bin/history.cgi	/server/bin/history.cgi	f	755	70	70	242568	
/Library/WebServer/server/bin/hostgraphs.cgi	/server/bin/hostgraphs.cgi	f	755	70	70	222240	
/Library/WebServer/server/bin/hostlist.cgi	/server/bin/hostlist.cgi	f	755	70	70	223744	
/Library/WebServer/server/bin/moverrd.sh	/server/bin/moverrd.sh	f	755	70	70	1354	
/Library/WebServer/server/bin/notifications.cgi	/server/bin/notifications.cgi	f	755	70	70	222960	
/Library/WebServer/server/bin/perfdata.cgi	/server/bin/perfdata.cgi	f	755	70	70	224832	
/Library/WebServer/server/bin/report.cgi	/server/bin/report.cgi	f	755	70	70	222792	
/Library/WebServer/server/bin/reportlog.cgi	/server/bin/reportlog.cgi	f	755	70	70	242240	
/Library/WebServer/server/bin/rrdcachectl	/server/bin/rrdcachectl	f	755	70	70	51224	
/Library/WebServer/server/bin/showgraph.cgi	/server/bin/showgraph.cgi	f	755	70	70	266368	
/Library/WebServer/server/bin/snapshot.cgi	/server/bin/snapshot.cgi	f	755	70	70	222400	
/Library/WebServer/server/bin/statusreport.cgi	/server/bin/statusreport.cgi	f	755	70	70	155328	
/Library/WebServer/server/bin/svcstatus.cgi	/server/bin/svcstatus.cgi	f	755	70	70	327920	
/Library/WebServer/server/bin/trimhistory	/server/bin/trimhistory	f	755	70	70	179144	
/Library/WebServer/server/bin/useradm.cgi	/server/bin/useradm.cgi	f	755	70	70	222136	
/Library/WebServer/server/bin/xymon	/server/bin/xymon	f	755	70	70	131496	
/Library/WebServer/server/bin/xymon-mailack	/server/bin/xymon-mailack	f	755	70	70	131840	
/Library/WebServer/server/bin/xymon.sh	/server/bin/xymon.sh	f	755	70	70	2007	
/Library/WebServer/server/bin/xymoncfg	/server/bin/xymoncfg	f	755	70	70	107784	
/Library/WebServer/server/bin/xymoncgimsg.cgi	/server/bin/xymoncgimsg.cgi	f	755	70	70	134912	
/Library/WebServer/server/bin/xymoncmd	/server/bin/xymoncmd	f	755	70	70	108008	
/Library/WebServer/server/bin/xymond	/server/bin/xymond	f	755	70	70	284440	
/Library/WebServer/server/bin/xymond_alert	/server/bin/xymond_alert	f	755	70	70	246256	
/Library/WebServer/server/bin/xymond_capture	/server/bin/xymond_capture	f	755	70	70	133808	
/Library/WebServer/server/bin/xymond_channel	/server/bin/xymond_channel	f	755	70	70	176992	
/Library/WebServer/server/bin/xymond_client	/server/bin/xymond_client	f	755	70	70	339184	
/Library/WebServer/server/bin/xymond_distribute	/server/bin/xymond_distribute	f	755	70	70	156768	
/Library/WebServer/server/bin/xymond_filestore	/server/bin/xymond_filestore	f	755	70	70	270336	
/Library/WebServer/server/bin/xymond_history	/server/bin/xymond_history	f	755	70	70	153888	
/Library/WebServer/server/bin/xymond_hostdata	/server/bin/xymond_hostdata	f	755	70	70	134672	
/Library/WebServer/server/bin/xymond_locator	/server/bin/xymond_locator	f	755	70	70	131296	
/Library/WebServer/server/bin/xymond_rrd	/server/bin/xymond_rrd	f	755	70	70	394680	
/Library/WebServer/server/bin/xymond_sample	/server/bin/xymond_sample	f	755	70	70	133664	
/Library/WebServer/server/bin/xymondigest	/server/bin/xymondigest	f	755	70	70	132440	
/Library/WebServer/server/bin/xymonfetch	/server/bin/xymonfetch	f	755	70	70	198056	
/Library/WebServer/server/bin/xymongen	/server/bin/xymongen	f	755	70	70	370696	
/Library/WebServer/server/bin/xymongrep	/server/bin/xymongrep	f	755	70	70	178744	
/Library/WebServer/server/bin/xymonlaunch	/server/bin/xymonlaunch	f	755	70	70	129224	
/Library/WebServer/server/bin/xymonnet	/server/bin/xymonnet	f	755	70	70	311016	
/Library/WebServer/server/bin/xymonpage	/server/bin/xymonpage	f	755	70	70	201768	
/Library/WebServer/server/bin/xymonping	/server/bin/xymonping	f	755	0	70	112248	
/Library/WebServer/server/bin/xymonproxy	/server/bin/xymonproxy	f	755	70	70	128872	
/Library/WebServer/server/bin/xymonreports.sh	/server/bin/xymonreports.sh	f	755	70	70	2701	
/Library/WebServer/server/download	/server/download	d	755	70	70	64	
/Library/WebServer/server/etc	/server/etc	d	755	70	70	672	
/Library/WebServer/server/etc/alerts.cfg	/server/etc/alerts.cfg	f	644	70	70	5714	
/Library/WebServer/server/etc/analysis.cfg	/server/etc/analysis.cfg	f	644	70	70	21678	
/Library/WebServer/server/etc/cgioptions.cfg	/server/etc/cgioptions.cfg	f	644	70	70	2207	
/Library/WebServer/server/etc/client-local.cfg	/server/etc/client-local.cfg	f	644	70	70	3794	
/Library/WebServer/server/etc/columndoc.csv	/server/etc/columndoc.csv	f	644	70	70	11546	
/Library/WebServer/server/etc/combo.cfg	/server/etc/combo.cfg	f	644	70	70	577	
/Library/WebServer/server/etc/critical.cfg	/server/etc/critical.cfg	f	664	70	70	0	
/Library/WebServer/server/etc/critical.cfg.bak	/server/etc/critical.cfg.bak	f	664	70	70	0	
/Library/WebServer/server/etc/graphs.cfg	/server/etc/graphs.cfg	f	644	70	70	69329	
/Library/WebServer/server/etc/holidays.cfg	/server/etc/holidays.cfg	f	644	70	70	3929	
/Library/WebServer/server/etc/hosts.cfg	/server/etc/hosts.cfg	f	644	70	70	555	
/Library/WebServer/server/etc/protocols.cfg	/server/etc/protocols.cfg	f	644	70	70	5530	
/Library/WebServer/server/etc/rrddefinitions.cfg	/server/etc/rrddefinitions.cfg	f	644	70	70	1360	
/Library/WebServer/server/etc/snmpmibs.cfg	/server/etc/snmpmibs.cfg	f	644	70	70	16843	
/Library/WebServer/server/etc/tasks.cfg	/server/etc/tasks.cfg	f	644	70	70	11139	
/Library/WebServer/server/etc/tasks.d	/server/etc/tasks.d	d	755	70	70	64	
/Library/WebServer/server/etc/xymon-apache.conf	/server/etc/xymon-apache.conf	f	644	70	70	5706	
/Library/WebServer/server/etc/xymonmenu.cfg	/server/etc/xymonmenu.cfg	f	644	70	70	3328	
/Library/WebServer/server/etc/xymonserver.cfg	/server/etc/xymonserver.cfg	f	644	70	70	17559	
/Library/WebServer/server/ext	/server/ext	d	755	70	70	96	
/Library/WebServer/server/ext/xymonnet-again.sh	/server/ext/xymonnet-again.sh	f	755	70	70	307	
/Library/WebServer/server/tmp	/server/tmp	d	755	70	70	64	
/Library/WebServer/server/web	/server/web	d	755	70	70	3072	
/Library/WebServer/server/web/acknowledge_footer	/server/web/acknowledge_footer	l					stdnormal_footer
/Library/WebServer/server/web/acknowledge_form	/server/web/acknowledge_form	f	644	70	70	1106	
/Library/WebServer/server/web/acknowledge_header	/server/web/acknowledge_header	f	644	70	70	1142	
/Library/WebServer/server/web/acknowledgements_footer	/server/web/acknowledgements_footer	l					stdnormal_footer
/Library/WebServer/server/web/acknowledgements_form	/server/web/acknowledgements_form	f	644	70	70	6106	
/Library/WebServer/server/web/acknowledgements_header	/server/web/acknowledgements_header	f	644	70	70	1247	
/Library/WebServer/server/web/chpasswd_footer	/server/web/chpasswd_footer	l					stdnormal_footer
/Library/WebServer/server/web/chpasswd_form	/server/web/chpasswd_form	f	644	70	70	1144	
/Library/WebServer/server/web/chpasswd_header	/server/web/chpasswd_header	f	644	70	70	1137	
/Library/WebServer/server/web/columndoc_footer	/server/web/columndoc_footer	l					stdnormal_footer
/Library/WebServer/server/web/columndoc_header	/server/web/columndoc_header	f	644	70	70	1151	
/Library/WebServer/server/web/confreport_back	/server/web/confreport_back	f	644	70	70	0	
/Library/WebServer/server/web/confreport_footer	/server/web/confreport_footer	f	644	70	70	17	
/Library/WebServer/server/web/confreport_front	/server/web/confreport_front	f	644	70	70	2557	
/Library/WebServer/server/web/confreport_header	/server/web/confreport_header	f	644	70	70	196	
/Library/WebServer/server/web/critack_form	/server/web/critack_form	f	644	70	70	1690	
/Library/WebServer/server/web/critedit_footer	/server/web/critedit_footer	l					stdnormal_footer
/Library/WebServer/server/web/critedit_form	/server/web/critedit_form	f	644	70	70	4075	
/Library/WebServer/server/web/critedit_header	/server/web/critedit_header	f	644	70	70	1154	
/Library/WebServer/server/web/critical_footer	/server/web/critical_footer	f	644	70	70	2420	
/Library/WebServer/server/web/critical_header	/server/web/critical_header	f	644	70	70	1292	
/Library/WebServer/server/web/critmulti_header	/server/web/critmulti_header	f	644	70	70	1504	
/Library/WebServer/server/web/divider_footer	/server/web/divider_footer	f	644	70	70	11	
/Library/WebServer/server/web/divider_header	/server/web/divider_header	f	644	70	70	264	
/Library/WebServer/server/web/event_footer	/server/web/event_footer	l					stdnormal_footer
/Library/WebServer/server/web/event_form	/server/web/event_form	f	644	70	70	6054	
/Library/WebServer/server/web/event_header	/server/web/event_header	f	644	70	70	1225	
/Library/WebServer/server/web/findhost_footer	/server/web/findhost_footer	l					stdnormal_footer
/Library/WebServer/server/web/findhost_form	/server/web/findhost_form	f	644	70	70	907	
/Library/WebServer/server/web/findhost_header	/server/web/findhost_header	f	644	70	70	1335	
/Library/WebServer/server/web/ghosts_footer	/server/web/ghosts_footer	l					stdnormal_footer
/Library/WebServer/server/web/ghosts_header	/server/web/ghosts_header	f	644	70	70	1134	
/Library/WebServer/server/web/graphs_footer	/server/web/graphs_footer	l					stdnormal_footer
/Library/WebServer/server/web/graphs_header	/server/web/graphs_header	f	644	70	70	1153	
/Library/WebServer/server/web/hist_footer	/server/web/hist_footer	l					stdnormal_footer
/Library/WebServer/server/web/hist_header	/server/web/hist_header	f	644	70	70	1309	
/Library/WebServer/server/web/histlog_footer	/server/web/histlog_footer	l					stdnormal_footer
/Library/WebServer/server/web/histlog_header	/server/web/histlog_header	f	644	70	70	1339	
/Library/WebServer/server/web/hostgraphs_footer	/server/web/hostgraphs_footer	l					stdnormal_footer
/Library/WebServer/server/web/hostgraphs_form	/server/web/hostgraphs_form	f	644	70	70	1992	
/Library/WebServer/server/web/hostgraphs_header	/server/web/hostgraphs_header	f	644	70	70	1136	
/Library/WebServer/server/web/hostlist_footer	/server/web/hostlist_footer	l					stdnormal_footer
/Library/WebServer/server/web/hostlist_form	/server/web/hostlist_form	f	644	70	70	1921	
/Library/WebServer/server/web/hostlist_header	/server/web/hostlist_header	f	644	70	70	1134	
/Library/WebServer/server/web/hostsvc_footer	/server/web/hostsvc_footer	l					stdnormal_footer
/Library/WebServer/server/web/hostsvc_header	/server/web/hostsvc_header	f	644	70	70	1452	
/Library/WebServer/server/web/info_footer	/server/web/info_footer	l					stdnormal_footer
/Library/WebServer/server/web/info_header	/server/web/info_header	f	644	70	70	3041	
/Library/WebServer/server/web/maint_footer	/server/web/maint_footer	l					stdnormal_footer
/Library/WebServer/server/web/maint_form	/server/web/maint_form	f	644	70	70	6407	
/Library/WebServer/server/web/maint_header	/server/web/maint_header	f	644	70	70	4696	
/Library/WebServer/server/web/maintact_footer	/server/web/maintact_footer	l					stdnormal_footer
/Library/WebServer/server/web/maintact_header	/server/web/maintact_header	f	644	70	70	1130	
/Library/WebServer/server/web/notify_footer	/server/web/notify_footer	l					stdnormal_footer
/Library/WebServer/server/web/notify_form	/server/web/notify_form	f	644	70	70	6099	
/Library/WebServer/server/web/notify_header	/server/web/notify_header	f	644	70	70	1241	
/Library/WebServer/server/web/perfdata_footer	/server/web/perfdata_footer	l					stdnormal_footer
/Library/WebServer/server/web/perfdata_form	/server/web/perfdata_form	f	644	70	70	4082	
/Library/WebServer/server/web/perfdata_header	/server/web/perfdata_header	f	644	70	70	1241	
/Library/WebServer/server/web/replog_footer	/server/web/replog_footer	l					stdnormal_footer
/Library/WebServer/server/web/replog_header	/server/web/replog_header	f	644	70	70	1203	
/Library/WebServer/server/web/repnormal_footer	/server/web/repnormal_footer	l					stdnormal_footer
/Library/WebServer/server/web/repnormal_header	/server/web/repnormal_header	f	644	70	70	1286	
/Library/WebServer/server/web/report_footer	/server/web/report_footer	l					stdnormal_footer
/Library/WebServer/server/web/report_form	/server/web/report_form	f	644	70	70	1517	
/Library/WebServer/server/web/report_form_daily	/server/web/report_form_daily	f	644	70	70	873	
/Library/WebServer/server/web/report_form_monthly	/server/web/report_form_monthly	f	644	70	70	804	
/Library/WebServer/server/web/report_form_weekly	/server/web/report_form_weekly	f	644	70	70	802	
/Library/WebServer/server/web/report_header	/server/web/report_header	f	644	70	70	1146	
/Library/WebServer/server/web/snapcritical_footer	/server/web/snapcritical_footer	l					stdnormal_footer
/Library/WebServer/server/web/snapcritical_header	/server/web/snapcritical_header	f	644	70	70	1176	
/Library/WebServer/server/web/snapnongreen_footer	/server/web/snapnongreen_footer	l					stdnormal_footer
/Library/WebServer/server/web/snapnongreen_header	/server/web/snapnongreen_header	f	644	70	70	1167	
/Library/WebServer/server/web/snapnormal_footer	/server/web/snapnormal_footer	l					stdnormal_footer
/Library/WebServer/server/web/snapnormal_header	/server/web/snapnormal_header	f	644	70	70	1278	
/Library/WebServer/server/web/snapshot_footer	/server/web/snapshot_footer	l					stdnormal_footer
/Library/WebServer/server/web/snapshot_form	/server/web/snapshot_form	f	644	70	70	1023	
/Library/WebServer/server/web/snapshot_header	/server/web/snapshot_header	f	644	70	70	1138	
/Library/WebServer/server/web/stdcritical_footer	/server/web/stdcritical_footer	l					stdnormal_footer
/Library/WebServer/server/web/stdcritical_header	/server/web/stdcritical_header	f	644	70	70	1292	
/Library/WebServer/server/web/stdnongreen_footer	/server/web/stdnongreen_footer	l					stdnormal_footer
/Library/WebServer/server/web/stdnongreen_header	/server/web/stdnongreen_header	f	644	70	70	1293	
/Library/WebServer/server/web/stdnormal_footer	/server/web/stdnormal_footer	f	644	70	70	795	
/Library/WebServer/server/web/stdnormal_header	/server/web/stdnormal_header	f	644	70	70	1411	
/Library/WebServer/server/web/topchanges_footer	/server/web/topchanges_footer	l					stdnormal_footer
/Library/WebServer/server/web/topchanges_form	/server/web/topchanges_form	f	644	70	70	6617	
/Library/WebServer/server/web/topchanges_header	/server/web/topchanges_header	f	644	70	70	1252	
/Library/WebServer/server/web/trends_footer	/server/web/trends_footer	l					stdnormal_footer
/Library/WebServer/server/web/trends_form	/server/web/trends_form	f	644	70	70	7386	
/Library/WebServer/server/web/trends_header	/server/web/trends_header	f	644	70	70	1276	
/Library/WebServer/server/web/useradm_footer	/server/web/useradm_footer	l					stdnormal_footer
/Library/WebServer/server/web/useradm_form	/server/web/useradm_form	f	644	70	70	874	
/Library/WebServer/server/web/useradm_header	/server/web/useradm_header	f	644	70	70	1132	
/Library/WebServer/server/web/zoom.js	/server/web/zoom.js	f	644	70	70	23004	
/Library/WebServer/server/www	/server/www	d	755	70	70	320	
/Library/WebServer/server/www/gifs	/server/www/gifs	d	755	70	70	1216	
/Library/WebServer/server/www/gifs/README	/server/www/gifs/README	f	644	70	70	1077	
/Library/WebServer/server/www/gifs/arrow.gif	/server/www/gifs/arrow.gif	f	644	70	70	223	
/Library/WebServer/server/www/gifs/bkg-blue.gif	/server/www/gifs/bkg-blue.gif	f	644	70	70	544	
/Library/WebServer/server/www/gifs/bkg-clear.gif	/server/www/gifs/bkg-clear.gif	f	644	70	70	544	
/Library/WebServer/server/www/gifs/bkg-green.gif	/server/www/gifs/bkg-green.gif	f	644	70	70	544	
/Library/WebServer/server/www/gifs/bkg-purple.gif	/server/www/gifs/bkg-purple.gif	f	644	70	70	544	
/Library/WebServer/server/www/gifs/bkg-red.gif	/server/www/gifs/bkg-red.gif	f	644	70	70	544	
/Library/WebServer/server/www/gifs/bkg-yellow.gif	/server/www/gifs/bkg-yellow.gif	f	644	70	70	544	
/Library/WebServer/server/www/gifs/blue-ack.gif	/server/www/gifs/blue-ack.gif	f	644	70	70	453	
/Library/WebServer/server/www/gifs/blue-recent.gif	/server/www/gifs/blue-recent.gif	f	644	70	70	593	
/Library/WebServer/server/www/gifs/blue.gif	/server/www/gifs/blue.gif	f	644	70	70	928	
/Library/WebServer/server/www/gifs/clear-recent.gif	/server/www/gifs/clear-recent.gif	f	644	70	70	1769	
/Library/WebServer/server/www/gifs/clear.gif	/server/www/gifs/clear.gif	f	644	70	70	884	
/Library/WebServer/server/www/gifs/favicon-blue.ico	/server/www/gifs/favicon-blue.ico	f	644	70	70	3638	
/Library/WebServer/server/www/gifs/favicon-clear.ico	/server/www/gifs/favicon-clear.ico	f	644	70	70	3638	
/Library/WebServer/server/www/gifs/favicon-green.ico	/server/www/gifs/favicon-green.ico	f	644	70	70	3638	
/Library/WebServer/server/www/gifs/favicon-purple.ico	/server/www/gifs/favicon-purple.ico	f	644	70	70	3638	
/Library/WebServer/server/www/gifs/favicon-red.ico	/server/www/gifs/favicon-red.ico	f	644	70	70	3638	
/Library/WebServer/server/www/gifs/favicon-unknown.ico	/server/www/gifs/favicon-unknown.ico	f	644	70	70	3638	
/Library/WebServer/server/www/gifs/favicon-yellow.ico	/server/www/gifs/favicon-yellow.ico	f	644	70	70	3638	
/Library/WebServer/server/www/gifs/green-ack.gif	/server/www/gifs/green-ack.gif	f	644	70	70	842	
/Library/WebServer/server/www/gifs/green-recent.gif	/server/www/gifs/green-recent.gif	f	644	70	70	169	
/Library/WebServer/server/www/gifs/green.gif	/server/www/gifs/green.gif	f	644	70	70	118	
/Library/WebServer/server/www/gifs/purple-ack.gif	/server/www/gifs/purple-ack.gif	f	644	70	70	842	
/Library/WebServer/server/www/gifs/purple-recent.gif	/server/www/gifs/purple-recent.gif	f	644	70	70	416	
/Library/WebServer/server/www/gifs/purple.gif	/server/www/gifs/purple.gif	f	644	70	70	4268	
/Library/WebServer/server/www/gifs/red-ack.gif	/server/www/gifs/red-ack.gif	f	644	70	70	842	
/Library/WebServer/server/www/gifs/red-recent.gif	/server/www/gifs/red-recent.gif	f	644	70	70	374	
/Library/WebServer/server/www/gifs/red.gif	/server/www/gifs/red.gif	f	644	70	70	1579	
/Library/WebServer/server/www/gifs/unknown-recent.gif	/server/www/gifs/unknown-recent.gif	f	644	70	70	623	
/Library/WebServer/server/www/gifs/unknown.gif	/server/www/gifs/unknown.gif	f	644	70	70	623	
/Library/WebServer/server/www/gifs/xymonbody.css	/server/www/gifs/xymonbody.css	f	644	70	70	536	
/Library/WebServer/server/www/gifs/yellow-ack.gif	/server/www/gifs/yellow-ack.gif	f	644	70	70	842	
/Library/WebServer/server/www/gifs/yellow-recent.gif	/server/www/gifs/yellow-recent.gif	f	644	70	70	374	
/Library/WebServer/server/www/gifs/yellow.gif	/server/www/gifs/yellow.gif	f	644	70	70	2598	
/Library/WebServer/server/www/gifs/zoom.gif	/server/www/gifs/zoom.gif	f	644	70	70	999	
/Library/WebServer/server/www/help	/server/www/help	d	755	70	70	1248	
/Library/WebServer/server/www/help/CMakeLists.txt	/server/www/help/CMakeLists.txt	f	644	70	70	978	
/Library/WebServer/server/www/help/Renaming-430.txt	/server/www/help/Renaming-430.txt	f	644	70	70	5518	
/Library/WebServer/server/www/help/about.html	/server/www/help/about.html	f	644	70	70	12019	
/Library/WebServer/server/www/help/bb-to-xymon.html	/server/www/help/bb-to-xymon.html	f	644	70	70	5724	
/Library/WebServer/server/www/help/clonewarn.jpg	/server/www/help/clonewarn.jpg	f	644	70	70	4405	
/Library/WebServer/server/www/help/configure.cmake.txt	/server/www/help/configure.cmake.txt	f	644	70	70	3139	
/Library/WebServer/server/www/help/configure.txt	/server/www/help/configure.txt	f	644	70	70	4508	
/Library/WebServer/server/www/help/criticalsystems.html	/server/www/help/criticalsystems.html	f	644	70	70	11428	
/Library/WebServer/server/www/help/critview-detail-acked.jpg	/server/www/help/critview-detail-acked.jpg	f	644	70	70	95656	
/Library/WebServer/server/www/help/critview-detail-ackform.jpg	/server/www/help/critview-detail-ackform.jpg	f	644	70	70	37209	
/Library/WebServer/server/www/help/critview-detail.jpg	/server/www/help/critview-detail.jpg	f	644	70	70	93854	
/Library/WebServer/server/www/help/critview-disk.jpg	/server/www/help/critview-disk.jpg	f	644	70	70	48005	
/Library/WebServer/server/www/help/critview-green.jpg	/server/www/help/critview-green.jpg	f	644	70	70	48087	
/Library/WebServer/server/www/help/editor-clonemaster.jpg	/server/www/help/editor-clonemaster.jpg	f	644	70	70	80792	
/Library/WebServer/server/www/help/editor-diskchanged.jpg	/server/www/help/editor-diskchanged.jpg	f	644	70	70	81016	
/Library/WebServer/server/www/help/editor-disksetup.jpg	/server/www/help/editor-disksetup.jpg	f	644	70	70	79037	
/Library/WebServer/server/www/help/editor-main.jpg	/server/www/help/editor-main.jpg	f	644	70	70	75158	
/Library/WebServer/server/www/help/editor-makeclone.jpg	/server/www/help/editor-makeclone.jpg	f	644	70	70	9765	
/Library/WebServer/server/www/help/editor-nohost.jpg	/server/www/help/editor-nohost.jpg	f	644	70	70	4274	
/Library/WebServer/server/www/help/editor-showclone.jpg	/server/www/help/editor-showclone.jpg	f	644	70	70	41842	
/Library/WebServer/server/www/help/howtograph.html	/server/www/help/howtograph.html	f	644	70	70	13843	
/Library/WebServer/server/www/help/install.html	/server/www/help/install.html	f	644	70	70	28161	
/Library/WebServer/server/www/help/known-issues.html	/server/www/help/known-issues.html	f	644	70	70	7169	
/Library/WebServer/server/www/help/mainview-acked.jpg	/server/www/help/mainview-acked.jpg	f	644	70	70	53352	
/Library/WebServer/server/www/help/mainview.jpg	/server/www/help/mainview.jpg	f	644	70	70	48588	
/Library/WebServer/server/www/help/manpages	/server/www/help/manpages	d	755	70	70	224	
/Library/WebServer/server/www/help/manpages/index.html	/server/www/help/manpages/index.html	f	644	70	70	9813	
/Library/WebServer/server/www/help/manpages/man1	/server/www/help/manpages/man1	d	755	70	70	1120	
/Library/WebServer/server/www/help/manpages/man1/ackinfo.cgi.1.html	/server/www/help/manpages/man1/ackinfo.cgi.1.html	f	644	70	70	2867	
/Library/WebServer/server/www/help/manpages/man1/acknowledge.cgi.1.html	/server/www/help/manpages/man1/acknowledge.cgi.1.html	f	644	70	70	3934	
/Library/WebServer/server/www/help/manpages/man1/appfeed.cgi.1.html	/server/www/help/manpages/man1/appfeed.cgi.1.html	f	644	70	70	3285	
/Library/WebServer/server/www/help/manpages/man1/clientupdate.1.html	/server/www/help/manpages/man1/clientupdate.1.html	f	644	70	70	6084	
/Library/WebServer/server/www/help/manpages/man1/combostatus.1.html	/server/www/help/manpages/man1/combostatus.1.html	f	644	70	70	3036	
/Library/WebServer/server/www/help/manpages/man1/confreport.cgi.1.html	/server/www/help/manpages/man1/confreport.cgi.1.html	f	644	70	70	2926	
/Library/WebServer/server/www/help/manpages/man1/criticaleditor.cgi.1.html	/server/www/help/manpages/man1/criticaleditor.cgi.1.html	f	644	70	70	2377	
/Library/WebServer/server/www/help/manpages/man1/criticalview.cgi.1.html	/server/www/help/manpages/man1/criticalview.cgi.1.html	f	644	70	70	3568	
/Library/WebServer/server/www/help/manpages/man1/csvinfo.cgi.1.html	/server/www/help/manpages/man1/csvinfo.cgi.1.html	f	644	70	70	2924	
/Library/WebServer/server/www/help/manpages/man1/datepage.cgi.1.html	/server/www/help/manpages/man1/datepage.cgi.1.html	f	644	70	70	3975	
/Library/WebServer/server/www/help/manpages/man1/eventlog.cgi.1.html	/server/www/help/manpages/man1/eventlog.cgi.1.html	f	644	70	70	1769	
/Library/WebServer/server/www/help/manpages/man1/findhost.cgi.1.html	/server/www/help/manpages/man1/findhost.cgi.1.html	f	644	70	70	2900	
/Library/WebServer/server/www/help/manpages/man1/ghostlist.cgi.1.html	/server/www/help/manpages/man1/ghostlist.cgi.1.html	f	644	70	70	2056	
/Library/WebServer/server/www/help/manpages/man1/history.cgi.1.html	/server/www/help/manpages/man1/history.cgi.1.html	f	644	70	70	4820	
/Library/WebServer/server/www/help/manpages/man1/hostgraphs.cgi.1.html	/server/www/help/manpages/man1/hostgraphs.cgi.1.html	f	644	70	70	2740	
/Library/WebServer/server/www/help/manpages/man1/logfetch.1.html	/server/www/help/manpages/man1/logfetch.1.html	f	644	70	70	4308	
/Library/WebServer/server/www/help/manpages/man1/orcaxymon.1.html	/server/www/help/manpages/man1/orcaxymon.1.html	f	644	70	70	2330	
/Library/WebServer/server/www/help/manpages/man1/report.cgi.1.html	/server/www/help/manpages/man1/report.cgi.1.html	f	644	70	70	4756	
/Library/WebServer/server/www/help/manpages/man1/reportlog.cgi.1.html	/server/www/help/manpages/man1/reportlog.cgi.1.html	f	644	70	70	3226	
/Library/WebServer/server/www/help/manpages/man1/showgraph.cgi.1.html	/server/www/help/manpages/man1/showgraph.cgi.1.html	f	644	70	70	4354	
/Library/WebServer/server/www/help/manpages/man1/snapshot.cgi.1.html	/server/www/help/manpages/man1/snapshot.cgi.1.html	f	644	70	70	3478	
/Library/WebServer/server/www/help/manpages/man1/statusreport.cgi.1.html	/server/www/help/manpages/man1/statusreport.cgi.1.html	f	644	70	70	4083	
/Library/WebServer/server/www/help/manpages/man1/svcstatus.cgi.1.html	/server/www/help/manpages/man1/svcstatus.cgi.1.html	f	644	70	70	5286	
/Library/WebServer/server/www/help/manpages/man1/xymon.1.html	/server/www/help/manpages/man1/xymon.1.html	f	644	70	70	24145	
/Library/WebServer/server/www/help/manpages/man1/xymoncfg.1.html	/server/www/help/manpages/man1/xymoncfg.1.html	f	644	70	70	2477	
/Library/WebServer/server/www/help/manpages/man1/xymoncmd.1.html	/server/www/help/manpages/man1/xymoncmd.1.html	f	644	70	70	1988	
/Library/WebServer/server/www/help/manpages/man1/xymondigest.1.html	/server/www/help/manpages/man1/xymondigest.1.html	f	644	70	70	2392	
/Library/WebServer/server/www/help/manpages/man1/xymongen.1.html	/server/www/help/manpages/man1/xymongen.1.html	f	644	70	70	34978	
/Library/WebServer/server/www/help/manpages/man1/xymongrep.1.html	/server/www/help/manpages/man1/xymongrep.1.html	f	644	70	70	6514	
/Library/WebServer/server/www/help/manpages/man1/xymonnet-again.sh.1.html	/server/www/help/manpages/man1/xymonnet-again.sh.1.html	f	644	70	70	2421	
/Library/WebServer/server/www/help/manpages/man1/xymonnet.1.html	/server/www/help/manpages/man1/xymonnet.1.html	f	644	70	70	29546	
/Library/WebServer/server/www/help/manpages/man1/xymonpage.cgi.1.html	/server/www/help/manpages/man1/xymonpage.cgi.1.html	f	644	70	70	1757	
/Library/WebServer/server/www/help/manpages/man1/xymonping.1.html	/server/www/help/manpages/man1/xymonping.1.html	f	644	70	70	4908	
/Library/WebServer/server/www/help/manpages/man5	/server/www/help/manpages/man5	d	755	70	70	576	
/Library/WebServer/server/www/help/manpages/man5/alerts.cfg.5.html	/server/www/help/manpages/man5/alerts.cfg.5.html	f	644	70	70	10616	
/Library/WebServer/server/www/help/manpages/man5/analysis.cfg.5.html	/server/www/help/manpages/man5/analysis.cfg.5.html	f	644	70	70	32027	
/Library/WebServer/server/www/help/manpages/man5/cgioptions.cfg.5.html	/server/www/help/manpages/man5/cgioptions.cfg.5.html	f	644	70	70	4244	
/Library/WebServer/server/www/help/manpages/man5/client-local.cfg.5.html	/server/www/help/manpages/man5/client-local.cfg.5.html	f	644	70	70	10205	
/Library/WebServer/server/www/help/manpages/man5/clientlaunch.cfg.5.html	/server/www/help/manpages/man5/clientlaunch.cfg.5.html	f	644	70	70	1451	
/Library/WebServer/server/www/help/manpages/man5/combo.cfg.5.html	/server/www/help/manpages/man5/combo.cfg.5.html	f	644	70	70	5684	
/Library/WebServer/server/www/help/manpages/man5/critical.cfg.5.html	/server/www/help/manpages/man5/critical.cfg.5.html	f	644	70	70	1967	
/Library/WebServer/server/www/help/manpages/man5/graphs.cfg.5.html	/server/www/help/manpages/man5/graphs.cfg.5.html	f	644	70	70	6599	
/Library/WebServer/server/www/help/manpages/man5/hosts.cfg.5.html	/server/www/help/manpages/man5/hosts.cfg.5.html	f	644	70	70	71183	
/Library/WebServer/server/www/help/manpages/man5/protocols.cfg.5.html	/server/www/help/manpages/man5/protocols.cfg.5.html	f	644	70	70	4120	
/Library/WebServer/server/www/help/manpages/man5/tasks.cfg.5.html	/server/www/help/manpages/man5/tasks.cfg.5.html	f	644	70	70	7374	
/Library/WebServer/server/www/help/manpages/man5/xymon-xmh.5.html	/server/www/help/manpages/man5/xymon-xmh.5.html	f	644	70	70	6368	
/Library/WebServer/server/www/help/manpages/man5/xymonclient.cfg.5.html	/server/www/help/manpages/man5/xymonclient.cfg.5.html	f	644	70	70	3051	
/Library/WebServer/server/www/help/manpages/man5/xymonserver.cfg.5.html	/server/www/help/manpages/man5/xymonserver.cfg.5.html	f	644	70	70	33025	
/Library/WebServer/server/www/help/manpages/man5/xymonweb.5.html	/server/www/help/manpages/man5/xymonweb.5.html	f	644	70	70	7017	
/Library/WebServer/server/www/help/manpages/man5/xymonwebaccess.5.html	/server/www/help/manpages/man5/xymonwebaccess.5.html	f	644	70	70	3214	
/Library/WebServer/server/www/help/manpages/man7	/server/www/help/manpages/man7	d	755	70	70	96	
/Library/WebServer/server/www/help/manpages/man7/xymon.7.html	/server/www/help/manpages/man7/xymon.7.html	f	644	70	70	28838	
/Library/WebServer/server/www/help/manpages/man8	/server/www/help/manpages/man8	d	755	70	70	672	
/Library/WebServer/server/www/help/manpages/man8/enadis.cgi.8.html	/server/www/help/manpages/man8/enadis.cgi.8.html	f	644	70	70	2848	
/Library/WebServer/server/www/help/manpages/man8/msgcache.8.html	/server/www/help/manpages/man8/msgcache.8.html	f	644	70	70	3882	
/Library/WebServer/server/www/help/manpages/man8/trimhistory.8.html	/server/www/help/manpages/man8/trimhistory.8.html	f	644	70	70	4482	
/Library/WebServer/server/www/help/manpages/man8/xymon-mailack.8.html	/server/www/help/manpages/man8/xymon-mailack.8.html	f	644	70	70	3517	
/Library/WebServer/server/www/help/manpages/man8/xymoncgimsg.cgi.8.html	/server/www/help/manpages/man8/xymoncgimsg.cgi.8.html	f	644	70	70	2646	
/Library/WebServer/server/www/help/manpages/man8/xymond.8.html	/server/www/help/manpages/man8/xymond.8.html	f	644	70	70	17210	
/Library/WebServer/server/www/help/manpages/man8/xymond_alert.8.html	/server/www/help/manpages/man8/xymond_alert.8.html	f	644	70	70	6701	
/Library/WebServer/server/www/help/manpages/man8/xymond_capture.8.html	/server/www/help/manpages/man8/xymond_capture.8.html	f	644	70	70	2995	
/Library/WebServer/server/www/help/manpages/man8/xymond_channel.8.html	/server/www/help/manpages/man8/xymond_channel.8.html	f	644	70	70	5067	
/Library/WebServer/server/www/help/manpages/man8/xymond_client.8.html	/server/www/help/manpages/man8/xymond_client.8.html	f	644	70	70	5517	
/Library/WebServer/server/www/help/manpages/man8/xymond_distribute.8.html	/server/www/help/manpages/man8/xymond_distribute.8.html	f	644	70	70	2198	
/Library/WebServer/server/www/help/manpages/man8/xymond_filestore.8.html	/server/www/help/manpages/man8/xymond_filestore.8.html	f	644	70	70	4521	
/Library/WebServer/server/www/help/manpages/man8/xymond_history.8.html	/server/www/help/manpages/man8/xymond_history.8.html	f	644	70	70	4007	
/Library/WebServer/server/www/help/manpages/man8/xymond_hostdata.8.html	/server/www/help/manpages/man8/xymond_hostdata.8.html	f	644	70	70	2434	
/Library/WebServer/server/www/help/manpages/man8/xymond_rrd.8.html	/server/www/help/manpages/man8/xymond_rrd.8.html	f	644	70	70	20543	
/Library/WebServer/server/www/help/manpages/man8/xymond_sample.8.html	/server/www/help/manpages/man8/xymond_sample.8.html	f	644	70	70	1834	
/Library/WebServer/server/www/help/manpages/man8/xymonfetch.8.html	/server/www/help/manpages/man8/xymonfetch.8.html	f	644	70	70	3763	
/Library/WebServer/server/www/help/manpages/man8/xymonlaunch.8.html	/server/www/help/manpages/man8/xymonlaunch.8.html	f	644	70	70	4044	
/Library/WebServer/server/www/help/manpages/man8/xymonproxy.8.html	/server/www/help/manpages/man8/xymonproxy.8.html	f	644	70	70	9567	
/Library/WebServer/server/www/help/stdview-detail-acked.jpg	/server/www/help/stdview-detail-acked.jpg	f	644	70	70	98453	
/Library/WebServer/server/www/help/upgrade-to-430.txt	/server/www/help/upgrade-to-430.txt	f	644	70	70	6741	
/Library/WebServer/server/www/help/xymon-alerts.html	/server/www/help/xymon-alerts.html	f	644	70	70	15153	
/Library/WebServer/server/www/help/xymon-apacheconf.txt	/server/www/help/xymon-apacheconf.txt	f	644	70	70	1857	
/Library/WebServer/server/www/help/xymon-clients.png	/server/www/help/xymon-clients.png	f	644	70	70	34656	
/Library/WebServer/server/www/help/xymon-config.html	/server/www/help/xymon-config.html	f	644	70	70	16927	
/Library/WebServer/server/www/help/xymon-hosts.png	/server/www/help/xymon-hosts.png	f	644	70	70	51739	
/Library/WebServer/server/www/help/xymon-mrtg.html	/server/www/help/xymon-mrtg.html	f	644	70	70	5646	
/Library/WebServer/server/www/help/xymon-tips.html	/server/www/help/xymon-tips.html	f	644	70	70	17229	
/Library/WebServer/server/www/help/xymonmain.png	/server/www/help/xymonmain.png	f	644	70	70	47612	
/Library/WebServer/server/www/help/xymonprocs.png	/server/www/help/xymonprocs.png	f	644	70	70	81990	
/Library/WebServer/server/www/html	/server/www/html	d	755	70	70	64	
/Library/WebServer/server/www/menu	/server/www/menu	d	755	70	70	256	
/Library/WebServer/server/www/menu/b2t-blue.gif	/server/www/menu/b2t-blue.gif	f	644	70	70	825	
/Library/WebServer/server/www/menu/b2t-grey.gif	/server/www/menu/b2t-grey.gif	f	644	70	70	846	
/Library/WebServer/server/www/menu/t2b-blue.gif	/server/www/menu/t2b-blue.gif	f	644	70	70	825	
/Library/WebServer/server/www/menu/t2b-grey.gif	/server/www/menu/t2b-grey.gif	f	644	70	70	846	
/Library/WebServer/server/www/menu/xymonmenu-blue.css	/server/www/menu/xymonmenu-blue.css	f	644	70	70	1918	
/Library/WebServer/server/www/menu/xymonmenu-grey.css	/server/www/menu/xymonmenu-grey.css	f	644	70	70	1918	
/Library/WebServer/server/www/notes	/server/www/notes	d	755	70	70	64	
/Library/WebServer/server/www/rep	/server/www/rep	d	775	70	70	64	
/Library/WebServer/server/www/snap	/server/www/snap	d	775	70	70	64	
/Library/WebServer/server/www/wml	/server/www/wml	d	755	70	70	64	
/Library/WebServer/server/xymon.sh	/server/xymon.sh	l					bin/xymon.sh
